Time (s),Volume (m^3),Ar,He,Ne,N2,pentane(1),oxygen(2),HO2(13),C5H11(11)
0.0,0.00016236525916012024,0.0,0.0,0.0,0.0,0.9991958048713798,0.0008041951286200755,0.0,0.0
